id	noise	snr_db
s01	pink	10
s01	pink	5
s02	brown	10
s02	brown	5
s03	fan	10
s03	fan	5
s04	babble	10
s04	babble	5
s05	pink	10
s05	pink	5
s06	brown	10
s06	brown	5
s07	fan	10
s07	fan	5
s08	babble	10
s08	babble	5
s09	pink	10
s09	pink	5
s10	brown	10
s10	brown	5
s11	fan	10
s11	fan	5
s12	babble	10
s12	babble	5
s13	pink	10
s13	pink	5
s14	brown	10
s14	brown	5
s15	fan	10
s15	fan	5
s16	babble	10
s16	babble	5
s17	pink	10
s17	pink	5
s18	brown	10
s18	brown	5
s19	fan	10
s19	fan	5
s20	babble	10
s20	babble	5
s21	pink	10
s21	pink	5
s22	brown	10
s22	brown	5
s23	fan	10
s23	fan	5
s24	babble	10
s24	babble	5
s25	pink	10
s25	pink	5
s26	brown	10
s26	brown	5
s27	fan	10
s27	fan	5
s28	babble	10
s28	babble	5
s29	pink	10
s29	pink	5
s30	brown	10
s30	brown	5
s31	fan	10
s31	fan	5
s32	babble	10
s32	babble	5
s33	pink	10
s33	pink	5
s34	brown	10
s34	brown	5
s35	fan	10
s35	fan	5
s36	babble	10
s36	babble	5
s37	pink	10
s37	pink	5
s38	brown	10
s38	brown	5
s39	fan	10
s39	fan	5
s40	babble	10
s40	babble	5
s41	pink	10
s41	pink	5
s42	brown	10
s42	brown	5
s43	fan	10
s43	fan	5
s44	babble	10
s44	babble	5
s45	pink	10
s45	pink	5
s46	brown	10
s46	brown	5
s47	fan	10
s47	fan	5
s48	babble	10
s48	babble	5
s49	pink	10
s49	pink	5
s50	brown	10
s50	brown	5
s51	fan	10
s51	fan	5
s52	babble	10
s52	babble	5
s53	pink	10
s53	pink	5
s54	brown	10
s54	brown	5
s55	fan	10
s55	fan	5
s56	babble	10
s56	babble	5
s57	pink	10
s57	pink	5
s58	brown	10
s58	brown	5
s59	fan	10
s59	fan	5
s60	babble	10
s60	babble	5
