id	roman_text	devanagari_for_tts	speaker
s01	Kal meeting 4 baje hai, please reminder set kar dena.	कल meeting चार बजे है, please reminder set कर देना।	A
s02	Haan done, maine calendar invite bhej diya hai.	हाँ done, मैंने calendar invite भेज दिया है।	B
s03	CleverTap wala dashboard abhi tak load nahi ho raha.	CleverTap वाला dashboard अभी तक load नहीं हो रहा।	A
s04	I think the API key expired last night, let me check.	I think the API key expired last night, let me check.	B
s05	Theek hai, jaldi batana kyunki client 11 baje call karega.	ठीक है, जल्दी बताना क्योंकि client ग्यारह बजे call करेगा।	A
s06	Ok.	Ok.	B
s07	Aur haan, Monday tak report final karni hai.	और हाँ, Monday तक report final करनी है।	A
s08	Report ka draft ready hai, bas numbers update karne baaki hain.	Report का draft ready है, बस numbers update करने बाकी हैं।	B
s09	Last quarter mein revenue 12 percent badha tha na?	Last quarter में revenue बारह percent बढ़ा था ना?	A
s10	Nahi, 15 percent tha, maine sheet mein dekha.	नहीं, पंद्रह percent था, मैंने sheet में देखा।	B
s11	Achha, phir slide number 3 change kar do.	अच्छा, फिर slide number तीन change कर दो।	A
s12	Sure, I will send the updated deck by evening.	Sure, I will send the updated deck by evening.	B
s13	Lunch ke liye Swiggy se order karein ya Zomato se?	Lunch के लिए Swiggy से order करें या Zomato से?	A
s14	Zomato pe 50 percent off chal raha hai, wahi se karte hain.	Zomato पे पचास percent off चल रहा है, वही से करते हैं।	B
s15	Mere liye ek paneer roll aur cold coffee.	मेरे लिए एक paneer roll और cold coffee।	A
s16	Total ₹640 ho gaya, Paytm se pay kar deta hoon.	Total छह सौ चालीस रुपये हो गया, Paytm से pay कर देता हूँ।	B
s17	Thanks yaar, main tumhe baad mein transfer kar dungi.	Thanks यार, मैं तुम्हें बाद में transfer कर दूँगी।	A
s18	Koi baat nahi, chill karo.	कोई बात नहीं, chill करो।	B
s19	Beta, aaj shaam ko ghar kitne baje aaoge?	बेटा, आज शाम को घर कितने बजे आओगे?	A
s20	Mummy, office mein late ho jayega, shayad 9 baje tak.	मम्मी, office में late हो जाएगा, शायद नौ बजे तक।	B
s21	Theek hai, khana garam karke rakh dungi.	ठीक है, खाना गरम करके रख दूँगी।	A
s22	Aur papa ki dawai le aaun kya?	और पापा की दवाई ले आऊँ क्या?	B
s23	Haan, chemist se BP wali goli aur 2 strip Crocin le aana.	हाँ, chemist से BP वाली गोली और दो strip Crocin ले आना।	A
s24	Ok mummy.	Ok मम्मी।	B
s25	Bijli ka bill bhi bharna hai, last date 15 tarikh hai.	बिजली का bill भी भरना है, last date पंद्रह तारीख है।	A
s26	Main Paytm app se abhi bhar deta hoon, kitna aaya hai?	मैं Paytm app से अभी भर देता हूँ, कितना आया है?	B
s27	₹2350 aaya hai is baar, garmi mein AC zyada chala.	दो हज़ार तीन सौ पचास रुपये आया है इस बार, गर्मी में AC ज़्यादा चला।	A
s28	Done, payment ho gaya, receipt WhatsApp kar di.	Done, payment हो गया, receipt WhatsApp कर दी।	B
s29	Bahut achha. Aur Sunday ko nani ke ghar chalna hai, yaad rakhna.	बहुत अच्छा। और Sunday को नानी के घर चलना है, याद रखना।	A
s30	Haan yaad hai.	हाँ याद है।	B
s31	Main bas yeh keh rahi thi ki tum apni sehat ka dhyan rakho.	मैं बस यह कह रही थी कि तुम अपनी सेहत का ध्यान रखो।	A
s32	Don't worry, I am eating well and going to the gym.	Don't worry, I am eating well and going to the gym.	B
s33	Oye, weekend pe kya plan hai?	ओए, weekend पे क्या plan है?	A
s34	Kuch nahi yaar, socha tha movie dekhenge.	कुछ नहीं यार, सोचा था movie देखेंगे।	B
s35	PVR mein 7 baje ka show hai, tickets book kar loon?	PVR में सात बजे का show है, tickets book कर लूँ?	A
s36	Haan kar le, main popcorn ka dekh lunga.	हाँ कर ले, मैं popcorn का देख लूँगा।	B
s37	Do tickets ka ₹780 hua, UPI kar de.	दो tickets का सात सौ अस्सी रुपये हुआ, UPI कर दे।	A
s38	Bhej diya. Waise JioSaavn pe naya Arijit ka gaana sun.	भेज दिया। वैसे JioSaavn पे नया Arijit का गाना सुन।	B
s39	Kaun sa wala? Mujhe link bhej na.	कौन सा वाला? मुझे link भेज ना।	A
s40	Abhi bhejta hoon, playlist mein add kar le.	अभी भेजता हूँ, playlist में add कर ले।	B
s41	Sach mein bahut pyaara gaana hai, dil khush ho gaya.	सच में बहुत प्यारा गाना है, दिल खुश हो गया।	A
s42	Told you, his new album is really good.	Told you, his new album is really good.	B
s43	Sir, kal ki presentation 10 minute mein bhej rahi hoon.	Sir, कल की presentation दस minute में भेज रही हूँ।	A
s44	Please make sure the conversion numbers are correct.	Please make sure the conversion numbers are correct.	B
s45	Ji sir, Swiggy campaign ka CTR 3 percent aaya hai.	जी sir, Swiggy campaign का CTR तीन percent आया है।	A
s46	That is lower than last month, let's discuss tomorrow.	That is lower than last month, let's discuss tomorrow.	B
s47	Main data dobara check karke aapko batati hoon.	मैं data दोबारा check करके आपको बताती हूँ।	A
s48	Theek hai, aur client ko mail CC mein daal dena.	ठीक है, और client को mail CC में डाल देना।	B
s49	Ho gaya sir, maine sabko loop mein rakh liya hai.	हो गया sir, मैंने सबको loop में रख लिया है।	A
s50	Great, thank you.	Great, thank you.	B
s51	Ek aur baat, meri chhutti 20 se 24 tarikh tak approve kar dijiye.	एक और बात, मेरी छुट्टी बीस से चौबीस तारीख तक approve कर दीजिए।	A
s52	Approved hai, HR portal pe dekh lo.	Approved है, HR portal पे देख लो।	B
s53	Mausam bahut kharab hai, baarish ruk hi nahi rahi.	मौसम बहुत खराब है, बारिश रुक ही नहीं रही।	A
s54	Cab book kar lo, Ola pe surge chal raha hai par.	Cab book कर लो, Ola पे surge चल रहा है पर।	B
s55	Uber mein ₹350 dikha raha hai, chalega.	Uber में तीन सौ पचास रुपये दिखा रहा है, चलेगा।	A
s56	Ghar pahunch ke message kar dena.	घर पहुँच के message कर देना।	B
s57	Haan pakka, tum bhi dhyan se jaana.	हाँ पक्का, तुम भी ध्यान से जाना।	A
s58	The traffic on the highway is terrible today.	The traffic on the highway is terrible today.	B
s59	Chalo phir kal milte hain, good night.	चलो फिर कल मिलते हैं, good night।	A
s60	Good night, take care.	Good night, take care.	B
