# indite chat spelling: the model writes formal transliteration; people type Hinglish like this.
# formal<TAB>chat. Whole words only, case kept. Ambiguous words (nai, ve, sunana, karana, lie as English) are left out on purpose.
mainne	maine
tumhen	tumhe
unhen	unhe
inhen	inhe
hamen	hume
hamein	humein
karen	karein
achchha	achha
achchhi	achhi
achchhe	achhe
bachche	bacche
bachchon	bacchon
bachcha	baccha
kuchh	kuch
poochh	pooch
poochhna	puchna
poochha	pucha
samajhana	samjhana
kyonki	kyunki
kyon	kyun
yah	yeh
vah	woh
vo	woh
vahan	wahan
vahin	wahin
vahi	wahi
vaala	wala
vaali	wali
vaale	wale
vaise	waise
vajah	wajah
vaapas	wapas
varna	warna
vakt	waqt
jaega	jayega
jaegi	jayegi
jaenge	jayenge
aega	aayega
aegi	aayegi
aenge	aayenge
chaahie	chahiye
chaahiye	chahiye
chahie	chahiye
kie	kiye
die	diye
gae	gaye
gai	gayi
nae	naye
khaana	khana
khaane	khane
bataana	batana
bataaya	bataya
jaana	jana
paani	pani
zyaada	zyada
jyaada	zyada
jyada	zyada
shaayad	shayad
taarikh	tarikh
taareekh	tarikh
davai	dawai
davaai	dawai
dukaan	dukan
makaan	makan
doongi	dungi
doonga	dunga
doonge	dunge
karoonga	karunga
karoongi	karungi
jaoonga	jaunga
jaoongi	jaungi
loonga	lunga
loongi	lungi
nahin	nahi
thik	theek
bahot	bahut
abhee	abhi
bhee	bhi
kitana	kitna
itana	itna
jitana	jitna
pahale	pehle
pahle	pehle
dekhana	dekhna
mommy	mummy
